--
-- Script was generated by Devart dbForge Data Generator for SQL Server, Version 4.3.68.0
-- Product Home Page: http://www.devart.com/dbforge/sql/data-generator
-- Script date 27.11.2021 20:19:17
-- Target server version: 15.00.2000
-- Target connection string: Data Source=DESKTOP-CJI8AFR\SQLEXPRESS;Integrated Security=True;User ID=DESKTOP-CJI8AFR\User
--



SET LANGUAGE 'Russian'
SET DATEFORMAT ymd
SET ARITHABORT, ANSI_PADDING, ANSI_WARNINGS, CONCAT_NULL_YIELDS_NULL, QUOTED_IDENTIFIER, ANSI_NULLS, NOCOUNT ON
SET NUMERIC_ROUNDABORT, IMPLICIT_TRANSACTIONS, XACT_ABORT OFF
GO

--
-- Backing up database АфанасьевИС
--
--
-- Create backup folder
--
IF OBJECT_ID('xp_create_subdir') IS NOT NULL
  EXEC xp_create_subdir N'C:\Program Files\Microsoft SQL Server\MSSQL15.SQLEXPRESS\MSSQL\Backup'
--
-- Backup database to the file with the name: <database_name>_<yyyy>_<mm>_<dd>_<hh>_<mi>.bak
--
DECLARE @db_name SYSNAME
SET @db_name = N'АфанасьевИС'

DECLARE @filepath NVARCHAR(4000)
SET @filepath =
/*define base part*/ N'C:\Program Files\Microsoft SQL Server\MSSQL15.SQLEXPRESS\MSSQL\Backup\' + @db_name + '_' +
/*append date*/ REPLACE(CONVERT(NVARCHAR(10), GETDATE(), 102), '.', '_') + '_' +
/*append time*/ REPLACE(CONVERT(NVARCHAR(5), GETDATE(), 108), ':', '_') + '.bak'

DECLARE @SQL NVARCHAR(MAX)
SET @SQL = 
    N'BACKUP DATABASE ' + QUOTENAME(@db_name) + ' TO DISK = @filepath WITH INIT' + 
      CASE WHEN EXISTS(
                SELECT value
                FROM sys.configurations WITH (NOLOCK)
                WHERE name = 'backup compression default'
          )
        THEN ', COMPRESSION'
        ELSE ''
      END

EXEC sys.sp_executesql @SQL, N'@filepath NVARCHAR(4000)', @filepath = @filepath
GO

USE АфанасьевИС
GO

IF DB_NAME() <> N'АфанасьевИС' SET NOEXEC ON
GO
--
-- Delete data from the table 'dbo.Используются'
--
TRUNCATE TABLE dbo.Используются
GO
--
-- Delete data from the table 'dbo.Обращения'
--
DELETE dbo.Обращения
GO
--
-- Delete data from the table 'dbo.Запчасти'
--
DELETE dbo.Запчасти
GO
--
-- Delete data from the table 'dbo.Техника'
--
DELETE dbo.Техника
GO
--
-- Delete data from the table 'dbo.Поставки'
--
DELETE dbo.Поставки
GO
--
-- Delete data from the table 'dbo.[Места хранения]'
--
DELETE dbo.[Места хранения]
GO
--
-- Delete data from the table 'dbo.Сотрудники'
--
DELETE dbo.Сотрудники
GO
--
-- Delete data from the table 'dbo.Поставщики'
--
DELETE dbo.Поставщики
GO
--
-- Delete data from the table 'dbo.Помещения'
--
DELETE dbo.Помещения
GO
--
-- Delete data from the table 'dbo.Клиенты'
--
DELETE dbo.Клиенты
GO

--
-- Inserting data into table dbo.Клиенты
--
SET IDENTITY_INSERT dbo.Клиенты ON
GO
INSERT dbo.Клиенты(Клиент_ID, Фамилия, Имя, Отчество, Пол, Дата, Адрес, Телефон, email) VALUES (1, N'Тихоновна', N'имя имя', NULL, N'М', '1976-12-17', N'Энгельс', N'(564) 356-3697', NULL)
INSERT dbo.Клиенты(Клиент_ID, Фамилия, Имя, Отчество, Пол, Дата, Адрес, Телефон, email) VALUES (2, N'Викторовна', N'имя имя', N'Романович', N'М', '1970-03-21', N'Саратов', N'(551) 206-6985', N'GaleL_Elliott@example.com')
INSERT dbo.Клиенты(Клиент_ID, Фамилия, Имя, Отчество, Пол, Дата, Адрес, Телефон, email) VALUES (3, N'Алесеевич', N'имя имя', N'Романовна', N'Ж', '2001-09-27', N'Саратов', N'(175) 585-0478', N'CletusAlford929@nowhere.com')
INSERT dbo.Клиенты(Клиент_ID, Фамилия, Имя, Отчество, Пол, Дата, Адрес, Телефон, email) VALUES (4, N'Андреевич', N'имя имя', N'Тихоновна', N'М', '1999-04-20', N'Энгельс', N'(429) 262-4835', N'Beatty@nowhere.com')
INSERT dbo.Клиенты(Клиент_ID, Фамилия, Имя, Отчество, Пол, Дата, Адрес, Телефон, email) VALUES (5, N'Львовна', N'имя имя', N'Романовна', N'Ж', '1997-01-09', N'Саратов', N'(327) 539-8887', N'mftalix5377@nowhere.com')
INSERT dbo.Клиенты(Клиент_ID, Фамилия, Имя, Отчество, Пол, Дата, Адрес, Телефон, email) VALUES (6, N'Сергеевич', N'имя имя', N'Максимовна', N'М', '1989-04-17', N'Энгельс', N'(937) 271-5756', N'Marjory.Clemons391@example.com')
INSERT dbo.Клиенты(Клиент_ID, Фамилия, Имя, Отчество, Пол, Дата, Адрес, Телефон, email) VALUES (7, N'Алексеевич', N'имя имя', N'', N'Ж', '1999-08-24', N'Энгельс', N'(569) 420-1462', N'AllenHeffner446@example.com')
INSERT dbo.Клиенты(Клиент_ID, Фамилия, Имя, Отчество, Пол, Дата, Адрес, Телефон, email) VALUES (8, N'Тихоновна', N'имя имя', N'Егоровна', N'М', '1970-07-17', N'Саратов', NULL, N'HaskinsA577@example.com')
INSERT dbo.Клиенты(Клиент_ID, Фамилия, Имя, Отчество, Пол, Дата, Адрес, Телефон, email) VALUES (9, NULL, N'имя имя', N'Тимофеевич', N'Ж', '2015-07-21', N'Саратов', N'(219) 843-1336', N'Archer@example.com')
INSERT dbo.Клиенты(Клиент_ID, Фамилия, Имя, Отчество, Пол, Дата, Адрес, Телефон, email) VALUES (10, N'Андреевна', N'имя имя', N'Тимурович', N'М', '1988-11-07', N'Энгельс', N'(935) 619-7856', N'Upton@example.com')
INSERT dbo.Клиенты(Клиент_ID, Фамилия, Имя, Отчество, Пол, Дата, Адрес, Телефон, email) VALUES (11, N'Андреевна', N'имя имя', N'Никитич', N'М', '1974-03-26', N'Энгельс', N'(214) 336-9235', N'Britt@example.com')
INSERT dbo.Клиенты(Клиент_ID, Фамилия, Имя, Отчество, Пол, Дата, Адрес, Телефон, email) VALUES (12, N'Алексеевич', N'имя имя', N'Тихоновна', N'М', '2000-02-08', N'Энгельс', N'(830) 481-7982', N'Polly.Logan@nowhere.com')
INSERT dbo.Клиенты(Клиент_ID, Фамилия, Имя, Отчество, Пол, Дата, Адрес, Телефон, email) VALUES (13, N'Викторовна NULL', N'имя имя', N'Ильинична', N'М', '1995-03-21', N'Энгельс', N'(749) 045-7136', N'Gerald_R.Kinder@nowhere.com')
INSERT dbo.Клиенты(Клиент_ID, Фамилия, Имя, Отчество, Пол, Дата, Адрес, Телефон, email) VALUES (14, N'Тихоновна', N'имя имя', N'Дамировна', N'Ж', '2009-01-02', N'Энгельс', N'(902) 988-8969', N'RichBuckner86@example.com')
INSERT dbo.Клиенты(Клиент_ID, Фамилия, Имя, Отчество, Пол, Дата, Адрес, Телефон, email) VALUES (15, N'Никитич', N'имя имя', N'Андреевич', N'М', '1995-09-15', N'Энгельс', N'(651) 834-8914', N'AntonySotelo@nowhere.com')
INSERT dbo.Клиенты(Клиент_ID, Фамилия, Имя, Отчество, Пол, Дата, Адрес, Телефон, email) VALUES (16, N'Викторовна', N'имя имя', N'Романович', N'М', '2001-07-16', N'Саратов', N'(770) 184-3793', N'CyndiVallejo@nowhere.com')
INSERT dbo.Клиенты(Клиент_ID, Фамилия, Имя, Отчество, Пол, Дата, Адрес, Телефон, email) VALUES (17, N'Иванович', N'имя имя', N'Тимофеевич', N'М', '1995-07-15', NULL, N'(216) 417-8020', N'Sipes947@example.com')
INSERT dbo.Клиенты(Клиент_ID, Фамилия, Имя, Отчество, Пол, Дата, Адрес, Телефон, email) VALUES (18, N'Андреевна', N'имя имя', N'Максимовна', N'Ж', '1971-06-06', NULL, N'(262) 418-6957', N'Lavender@example.com')
INSERT dbo.Клиенты(Клиент_ID, Фамилия, Имя, Отчество, Пол, Дата, Адрес, Телефон, email) VALUES (19, N'Михайлович', N'имя имя', N'Артуровна', N'Ж', '1980-05-27', N'Энгельс', N'(869) 940-5279', N'ScottKaye7@example.com')
INSERT dbo.Клиенты(Клиент_ID, Фамилия, Имя, Отчество, Пол, Дата, Адрес, Телефон, email) VALUES (20, NULL, N'имя имя', N'Артёмовна', N'М', '1981-07-19', N'Энгельс', NULL, NULL)
GO
SET IDENTITY_INSERT dbo.Клиенты OFF
GO

--
-- Inserting data into table dbo.Помещения
--
SET IDENTITY_INSERT dbo.Помещения ON
GO
INSERT dbo.Помещения(ID_помещения, Этаж, Вместимость, Площадь) VALUES (1, 0, 0, 48)
INSERT dbo.Помещения(ID_помещения, Этаж, Вместимость, Площадь) VALUES (2, 0, 0, 40)
INSERT dbo.Помещения(ID_помещения, Этаж, Вместимость, Площадь) VALUES (3, 0, 0, 72)
INSERT dbo.Помещения(ID_помещения, Этаж, Вместимость, Площадь) VALUES (4, 1, 0, 46)
INSERT dbo.Помещения(ID_помещения, Этаж, Вместимость, Площадь) VALUES (5, 1, 0, 49)
INSERT dbo.Помещения(ID_помещения, Этаж, Вместимость, Площадь) VALUES (6, 1, 0, 23)
INSERT dbo.Помещения(ID_помещения, Этаж, Вместимость, Площадь) VALUES (7, 0, 0, 51)
INSERT dbo.Помещения(ID_помещения, Этаж, Вместимость, Площадь) VALUES (8, 2, 0, 18)
INSERT dbo.Помещения(ID_помещения, Этаж, Вместимость, Площадь) VALUES (9, 1, 0, 24)
GO
SET IDENTITY_INSERT dbo.Помещения OFF
GO

--
-- Inserting data into table dbo.Поставщики
--
SET IDENTITY_INSERT dbo.Поставщики ON
GO
INSERT dbo.Поставщики(ID_поставщика, [Юр.адрес], Реквизиты, [Откуда поставляет], [Что поставляет], Телефон) VALUES (1, N'Калиниград', N'308864757', N'Hillsboro', N'9YF09PP1HRHYJGY7WG8GPMTE6DEMJ2W122VU4W593K9DVS3SWWB1ZH25OP64021100B95PLX37M426169QPV', N'+44 493 761 7109')
INSERT dbo.Поставщики(ID_поставщика, [Юр.адрес], Реквизиты, [Откуда поставляет], [Что поставляет], Телефон) VALUES (2, N'Мосвка', N'809864735', N'Erlanger', N'M8PD1YCG7Q991TOGBIUU3', N'+55 21 5591-9677')
INSERT dbo.Поставщики(ID_поставщика, [Юр.адрес], Реквизиты, [Откуда поставляет], [Что поставляет], Телефон) VALUES (3, N'Москва', N'224315652', N'Muskego', N'H52FKI1DDC6QJM3P27P62MOSZO38M2Y968', N'+49 5243 172306')
INSERT dbo.Поставщики(ID_поставщика, [Юр.адрес], Реквизиты, [Откуда поставляет], [Что поставляет], Телефон) VALUES (4, N'Уральск', N'043712591', N'Alma', N'AT0PFE6MJ8I43IWOBXZ08UZ1ZK', N'+33 4 54 07 20 36')
INSERT dbo.Поставщики(ID_поставщика, [Юр.адрес], Реквизиты, [Откуда поставляет], [Что поставляет], Телефон) VALUES (5, N'Калиниград', N'071253093', N'Collingswood', N'C40DD213GONOX7QYFB4', N'+33 5 57 00 63 32')
INSERT dbo.Поставщики(ID_поставщика, [Юр.адрес], Реквизиты, [Откуда поставляет], [Что поставляет], Телефон) VALUES (6, N'Уральск', N'801253108', N'Waterloo', N'0S6D9VZ80ZC41L0RY6JJ2YMB5BTD111RNO1A3U5T', N'+33 2 50 68 42 56')
INSERT dbo.Поставщики(ID_поставщика, [Юр.адрес], Реквизиты, [Откуда поставляет], [Что поставляет], Телефон) VALUES (7, N'Владивосток', N'227449169', N'Eureka', N'35AM6737NQV520DJ57VLPU86E91S180H4PT3O36016S87G0W0F7K', N'+49 7346 325289')
INSERT dbo.Поставщики(ID_поставщика, [Юр.адрес], Реквизиты, [Откуда поставляет], [Что поставляет], Телефон) VALUES (8, N'Москва', N'306449161', N'Chino Hills', N'Z73ON3G09OD4HUE2J61UHWD6KY812KJV7LC', N'+49 1440 770514')
GO
SET IDENTITY_INSERT dbo.Поставщики OFF
GO

--
-- Inserting data into table dbo.Сотрудники
--
SET IDENTITY_INSERT dbo.Сотрудники ON
GO
INSERT dbo.Сотрудники(ID_сотрудника, Фамилия, Имя, Отчество, Телефон, Должность, [Спец навыки], [Дата рождения], [Уровень образование], ЗП) VALUES (1, N'Балашова', N'Валерия', N'Германовна', N'89523816985', N'Помощникмастера', N'да', '1970-02-10', N'неоконч', 33863)
INSERT dbo.Сотрудники(ID_сотрудника, Фамилия, Имя, Отчество, Телефон, Должность, [Спец навыки], [Дата рождения], [Уровень образование], ЗП) VALUES (2, N'Толкачева', N'Владимир', N'Юрьевич', N'89906881575', N'МастерМастер', N'да', '1998-03-05', N'неоконч', 72742)
INSERT dbo.Сотрудники(ID_сотрудника, Фамилия, Имя, Отчество, Телефон, Должность, [Спец навыки], [Дата рождения], [Уровень образование], ЗП) VALUES (3, N'Измайлова', N'Валерия', N'Германовна', N'79446876055', N'Стажер', N'нет', '1978-05-27', N'высшее', 146211)
INSERT dbo.Сотрудники(ID_сотрудника, Фамилия, Имя, Отчество, Телефон, Должность, [Спец навыки], [Дата рождения], [Уровень образование], ЗП) VALUES (4, N'Коновалова', N'Валерия', N'Артёмович', N'89576375312', N'МастерМастер', N'да', '1970-01-07', N'средне', 91722)
INSERT dbo.Сотрудники(ID_сотрудника, Фамилия, Имя, Отчество, Телефон, Должность, [Спец навыки], [Дата рождения], [Уровень образование], ЗП) VALUES (5, N'Толкачева', N'Таисия', N'Филипповна', N'79024879004', N'Стажер', N'да', '1979-09-26', N'српроф', 94230)
INSERT dbo.Сотрудники(ID_сотрудника, Фамилия, Имя, Отчество, Телефон, Должность, [Спец навыки], [Дата рождения], [Уровень образование], ЗП) VALUES (6, N'Уткин', N'Владимир', N'Юрьевич', N'79012728104', N'МастерМастер', N'да', '1970-03-04', N'высшее', 112363)
INSERT dbo.Сотрудники(ID_сотрудника, Фамилия, Имя, Отчество, Телефон, Должность, [Спец навыки], [Дата рождения], [Уровень образование], ЗП) VALUES (7, N'Балашов', N'Алиса', N'Георгиевич', N'89794406323', N'Уборщица', N'да', '1997-06-19', N'неоконч', 94104)
INSERT dbo.Сотрудники(ID_сотрудника, Фамилия, Имя, Отчество, Телефон, Должность, [Спец навыки], [Дата рождения], [Уровень образование], ЗП) VALUES (8, N'Кожевникова', N'Владимир', N'Сергеевна', N'89551442892', N'Помощникмастера', N'нет', '1996-01-11', N'неоконч', 222534)
INSERT dbo.Сотрудники(ID_сотрудника, Фамилия, Имя, Отчество, Телефон, Должность, [Спец навыки], [Дата рождения], [Уровень образование], ЗП) VALUES (9, N'Рыжова', N'Максим', N'Артёмович', N'79696243546', N'Уборщица', N'да', '1970-03-16', N'высшее', 193728)
INSERT dbo.Сотрудники(ID_сотрудника, Фамилия, Имя, Отчество, Телефон, Должность, [Спец навыки], [Дата рождения], [Уровень образование], ЗП) VALUES (10, N'Корнеева', N'Варвара', N'Романовна', N'79025133649', N'Стажер', N'нет', '1979-01-24', N'српроф', 115703)
INSERT dbo.Сотрудники(ID_сотрудника, Фамилия, Имя, Отчество, Телефон, Должность, [Спец навыки], [Дата рождения], [Уровень образование], ЗП) VALUES (11, N'Соколова', N'Софья', N'Егоровна', N'79938298201', N'Помощникмастера', N'да', '1978-01-07', N'српроф', 205335)
INSERT dbo.Сотрудники(ID_сотрудника, Фамилия, Имя, Отчество, Телефон, Должность, [Спец навыки], [Дата рождения], [Уровень образование], ЗП) VALUES (12, N'Морозова', N'Екатерина', N'Сергеевна', N'79161967417', N'Уборщица', N'нет', '1985-05-16', N'српроф', 50761)
INSERT dbo.Сотрудники(ID_сотрудника, Фамилия, Имя, Отчество, Телефон, Должность, [Спец навыки], [Дата рождения], [Уровень образование], ЗП) VALUES (13, N'Рыжова', N'Виктор', N'Фёдоровна', N'79999705798', N'МастерМастер', N'да', '1981-10-13', N'средне', 104074)
INSERT dbo.Сотрудники(ID_сотрудника, Фамилия, Имя, Отчество, Телефон, Должность, [Спец навыки], [Дата рождения], [Уровень образование], ЗП) VALUES (14, N'Виноградов', N'Дарья', NULL, N'79609355848', N'МастерМастер', N'да', '2000-07-19', N'српроф', 220283)
INSERT dbo.Сотрудники(ID_сотрудника, Фамилия, Имя, Отчество, Телефон, Должность, [Спец навыки], [Дата рождения], [Уровень образование], ЗП) VALUES (15, N'Бобров', N'Кристина', N'Кирилловна', N'89897841032', N'Помощникмастера', N'да', '1978-12-08', N'высшее', 55547)
INSERT dbo.Сотрудники(ID_сотрудника, Фамилия, Имя, Отчество, Телефон, Должность, [Спец навыки], [Дата рождения], [Уровень образование], ЗП) VALUES (16, N'Суркова', N'Кристина', N'Данииловна', N'79071947448', N'Стажер', N'да', '1970-12-28', N'српроф', 47948)
INSERT dbo.Сотрудники(ID_сотрудника, Фамилия, Имя, Отчество, Телефон, Должность, [Спец навыки], [Дата рождения], [Уровень образование], ЗП) VALUES (17, N'Максимова', N'Максим', N'Денисовна', N'89797204708', N'Уборщица', N'да', '1970-01-09', N'высшее', 214403)
INSERT dbo.Сотрудники(ID_сотрудника, Фамилия, Имя, Отчество, Телефон, Должность, [Спец навыки], [Дата рождения], [Уровень образование], ЗП) VALUES (18, N'Соколова', N'Алиса', N'Егоровна', N'79946563622', N'Помощникмастера', N'да', '1973-04-23', N'высшее', 234530)
INSERT dbo.Сотрудники(ID_сотрудника, Фамилия, Имя, Отчество, Телефон, Должность, [Спец навыки], [Дата рождения], [Уровень образование], ЗП) VALUES (19, N'Семенова', N'Варвара', N'Артёмовна', N'89968826760', N'Помощникмастера', N'да', '1971-12-26', N'средне', 58136)
INSERT dbo.Сотрудники(ID_сотрудника, Фамилия, Имя, Отчество, Телефон, Должность, [Спец навыки], [Дата рождения], [Уровень образование], ЗП) VALUES (20, N'Кожевникова', N'Екатерина', NULL, N'89849575971', N'МастерМастер', N'да', '1985-04-22', N'средне', 133986)
GO
SET IDENTITY_INSERT dbo.Сотрудники OFF
GO

--
-- Inserting data into table dbo.[Места хранения]
--
SET IDENTITY_INSERT dbo.[Места хранения] ON
GO
INSERT dbo.[Места хранения](id_места, id_помещения, [Тип хранимой техники], номер_стелажа, номер_полки) VALUES (1, 6, N'платы', N'1d', N'2')
INSERT dbo.[Места хранения](id_места, id_помещения, [Тип хранимой техники], номер_стелажа, номер_полки) VALUES (2, 6, N'болты', N'4c', N'4')
INSERT dbo.[Места хранения](id_места, id_помещения, [Тип хранимой техники], номер_стелажа, номер_полки) VALUES (3, 6, N'экраны', N'4d', N'1')
INSERT dbo.[Места хранения](id_места, id_помещения, [Тип хранимой техники], номер_стелажа, номер_полки) VALUES (4, 3, N'телефоны', N'1b', N'3')
INSERT dbo.[Места хранения](id_места, id_помещения, [Тип хранимой техники], номер_стелажа, номер_полки) VALUES (5, 8, N'экраны', N'4a', N'1')
INSERT dbo.[Места хранения](id_места, id_помещения, [Тип хранимой техники], номер_стелажа, номер_полки) VALUES (6, 3, N'матрицы', N'4b', N'4')
INSERT dbo.[Места хранения](id_места, id_помещения, [Тип хранимой техники], номер_стелажа, номер_полки) VALUES (7, 1, N'платы', N'1b', N'3')
INSERT dbo.[Места хранения](id_места, id_помещения, [Тип хранимой техники], номер_стелажа, номер_полки) VALUES (8, 4, N'телефоны', N'1c', N'3')
INSERT dbo.[Места хранения](id_места, id_помещения, [Тип хранимой техники], номер_стелажа, номер_полки) VALUES (9, 9, N'платы', N'4d', N'2')
INSERT dbo.[Места хранения](id_места, id_помещения, [Тип хранимой техники], номер_стелажа, номер_полки) VALUES (10, 8, N'телефоны', N'1d', N'1')
INSERT dbo.[Места хранения](id_места, id_помещения, [Тип хранимой техники], номер_стелажа, номер_полки) VALUES (11, 1, N'матрицы', N'4c', N'2')
INSERT dbo.[Места хранения](id_места, id_помещения, [Тип хранимой техники], номер_стелажа, номер_полки) VALUES (12, 5, N'телефоны', N'4a', N'3')
INSERT dbo.[Места хранения](id_места, id_помещения, [Тип хранимой техники], номер_стелажа, номер_полки) VALUES (13, 5, N'платы', N'1a', N'1')
INSERT dbo.[Места хранения](id_места, id_помещения, [Тип хранимой техники], номер_стелажа, номер_полки) VALUES (14, 8, N'платы', N'2b', N'4')
INSERT dbo.[Места хранения](id_места, id_помещения, [Тип хранимой техники], номер_стелажа, номер_полки) VALUES (15, 7, N'матрицы', N'1a', N'4')
INSERT dbo.[Места хранения](id_места, id_помещения, [Тип хранимой техники], номер_стелажа, номер_полки) VALUES (16, 1, N'болты', N'2a', N'1')
INSERT dbo.[Места хранения](id_места, id_помещения, [Тип хранимой техники], номер_стелажа, номер_полки) VALUES (17, 7, N'болты', N'1d', N'1')
INSERT dbo.[Места хранения](id_места, id_помещения, [Тип хранимой техники], номер_стелажа, номер_полки) VALUES (18, 4, N'экраны', N'1a', N'4')
INSERT dbo.[Места хранения](id_места, id_помещения, [Тип хранимой техники], номер_стелажа, номер_полки) VALUES (19, 5, N'экраны', N'1b', N'1')
INSERT dbo.[Места хранения](id_места, id_помещения, [Тип хранимой техники], номер_стелажа, номер_полки) VALUES (20, 3, N'телефоны', N'1a', N'4')
INSERT dbo.[Места хранения](id_места, id_помещения, [Тип хранимой техники], номер_стелажа, номер_полки) VALUES (21, 2, N'болты', N'3a', N'3')
INSERT dbo.[Места хранения](id_места, id_помещения, [Тип хранимой техники], номер_стелажа, номер_полки) VALUES (22, 8, N'экраны', N'4f', N'3')
INSERT dbo.[Места хранения](id_места, id_помещения, [Тип хранимой техники], номер_стелажа, номер_полки) VALUES (23, 5, N'платы', N'3a', N'1')
INSERT dbo.[Места хранения](id_места, id_помещения, [Тип хранимой техники], номер_стелажа, номер_полки) VALUES (24, 5, N'телефоны', N'3a', N'3')
INSERT dbo.[Места хранения](id_места, id_помещения, [Тип хранимой техники], номер_стелажа, номер_полки) VALUES (25, 2, N'платы', N'3a', N'4')
GO
SET IDENTITY_INSERT dbo.[Места хранения] OFF
GO

--
-- Inserting data into table dbo.Поставки
--
INSERT dbo.Поставки([Номер поставки], ID_поставщика, [Откуда поставляется], [Стоимость поставки], [Ед.товара], ID_сотрудника) VALUES (1000, 2, N'864', 0, 67, 5)
INSERT dbo.Поставки([Номер поставки], ID_поставщика, [Откуда поставляется], [Стоимость поставки], [Ед.товара], ID_сотрудника) VALUES (1001, 5, N'1HE7AFW1VJL1C8EW4G313H', 70990, 22, 16)
INSERT dbo.Поставки([Номер поставки], ID_поставщика, [Откуда поставляется], [Стоимость поставки], [Ед.товара], ID_сотрудника) VALUES (1002, 1, N'54Y2', 32860, 36, 14)
INSERT dbo.Поставки([Номер поставки], ID_поставщика, [Откуда поставляется], [Стоимость поставки], [Ед.товара], ID_сотрудника) VALUES (1003, 3, N'K', 12603, 59, 18)
INSERT dbo.Поставки([Номер поставки], ID_поставщика, [Откуда поставляется], [Стоимость поставки], [Ед.товара], ID_сотрудника) VALUES (1004, 3, N'SCNS345E18HO37BG3102IHOR3I08NG19OTQ1UP2XZ92II0A3A0', 21397, 69, 1)
INSERT dbo.Поставки([Номер поставки], ID_поставщика, [Откуда поставляется], [Стоимость поставки], [Ед.товара], ID_сотрудника) VALUES (1005, 8, N'UCIFP6YY8VEA19469470380OJPP36V', 76846, 75, 10)
INSERT dbo.Поставки([Номер поставки], ID_поставщика, [Откуда поставляется], [Стоимость поставки], [Ед.товара], ID_сотрудника) VALUES (1006, 4, N'7I7Z2Y4FOT1WF82M30M0X9XGE7KWKYSUW6D3BNFSQS08TF83E3', 42780, 62, 3)
INSERT dbo.Поставки([Номер поставки], ID_поставщика, [Откуда поставляется], [Стоимость поставки], [Ед.товара], ID_сотрудника) VALUES (1007, 6, N'0C1K158CQ02', 5, 65, 9)
INSERT dbo.Поставки([Номер поставки], ID_поставщика, [Откуда поставляется], [Стоимость поставки], [Ед.товара], ID_сотрудника) VALUES (1008, 1, N'Q44NSZ198HU9D93QYSG9U18A95', 8, 5, 18)
INSERT dbo.Поставки([Номер поставки], ID_поставщика, [Откуда поставляется], [Стоимость поставки], [Ед.товара], ID_сотрудника) VALUES (1009, 2, N'D9W9YS3B12NR3EWW5Y', 28260, 3, 17)
INSERT dbo.Поставки([Номер поставки], ID_поставщика, [Откуда поставляется], [Стоимость поставки], [Ед.товара], ID_сотрудника) VALUES (1010, 6, NULL, 62, 46, 3)
INSERT dbo.Поставки([Номер поставки], ID_поставщика, [Откуда поставляется], [Стоимость поставки], [Ед.товара], ID_сотрудника) VALUES (1011, 8, N'ZY96', 53024, 30, 7)
INSERT dbo.Поставки([Номер поставки], ID_поставщика, [Откуда поставляется], [Стоимость поставки], [Ед.товара], ID_сотрудника) VALUES (1012, 7, N'2VS2OH65', 74617, 105, 16)
INSERT dbo.Поставки([Номер поставки], ID_поставщика, [Откуда поставляется], [Стоимость поставки], [Ед.товара], ID_сотрудника) VALUES (1013, 6, NULL, 30309, 20, 15)
INSERT dbo.Поставки([Номер поставки], ID_поставщика, [Откуда поставляется], [Стоимость поставки], [Ед.товара], ID_сотрудника) VALUES (1014, 5, N'4', 43656, 99, 6)
INSERT dbo.Поставки([Номер поставки], ID_поставщика, [Откуда поставляется], [Стоимость поставки], [Ед.товара], ID_сотрудника) VALUES (1015, 8, N'XM935QV0C5LL0A3T5U24RKU06Y693M352K9TL6LSNRAMDQ2465', 10, 77, NULL)
INSERT dbo.Поставки([Номер поставки], ID_поставщика, [Откуда поставляется], [Стоимость поставки], [Ед.товара], ID_сотрудника) VALUES (1016, 4, N'I418A0TSN64YABJ6K7', 61020, 30, 16)
INSERT dbo.Поставки([Номер поставки], ID_поставщика, [Откуда поставляется], [Стоимость поставки], [Ед.товара], ID_сотрудника) VALUES (1017, 6, NULL, 56015, 49, 12)
INSERT dbo.Поставки([Номер поставки], ID_поставщика, [Откуда поставляется], [Стоимость поставки], [Ед.товара], ID_сотрудника) VALUES (1018, 6, N'9I6Q9XPY4MJIX9', 62312, 67, 3)
INSERT dbo.Поставки([Номер поставки], ID_поставщика, [Откуда поставляется], [Стоимость поставки], [Ед.товара], ID_сотрудника) VALUES (1019, 6, N'X0544NF0796IK0JIR18X6Q0ZI36S4H2WM41B7WT68NA33734L', 42, 58, NULL)
INSERT dbo.Поставки([Номер поставки], ID_поставщика, [Откуда поставляется], [Стоимость поставки], [Ед.товара], ID_сотрудника) VALUES (1020, 6, N'875IS7BYJ94QB4ANLS2791H299530425', 5628, 57, 20)
INSERT dbo.Поставки([Номер поставки], ID_поставщика, [Откуда поставляется], [Стоимость поставки], [Ед.товара], ID_сотрудника) VALUES (1021, 1, N'049Q1XT4TUG1BE', 7086, 39, 5)
INSERT dbo.Поставки([Номер поставки], ID_поставщика, [Откуда поставляется], [Стоимость поставки], [Ед.товара], ID_сотрудника) VALUES (1022, 4, N'951Z470L8PHG1', 43919, 48, 11)
INSERT dbo.Поставки([Номер поставки], ID_поставщика, [Откуда поставляется], [Стоимость поставки], [Ед.товара], ID_сотрудника) VALUES (1023, 4, N'S5QXRX584J9KY3Z1L5CC', 95541, 80, 7)
INSERT dbo.Поставки([Номер поставки], ID_поставщика, [Откуда поставляется], [Стоимость поставки], [Ед.товара], ID_сотрудника) VALUES (1024, 5, N'M1', 64581, 1, 15)
INSERT dbo.Поставки([Номер поставки], ID_поставщика, [Откуда поставляется], [Стоимость поставки], [Ед.товара], ID_сотрудника) VALUES (1025, 5, N'07673GB26L6DK912OC5', 58056, 20, 3)
INSERT dbo.Поставки([Номер поставки], ID_поставщика, [Откуда поставляется], [Стоимость поставки], [Ед.товара], ID_сотрудника) VALUES (1026, 2, N'D7S31471RFYCC9N196FK988394K79AEU7JS8TI06IV0361', 75107, 42, 19)
INSERT dbo.Поставки([Номер поставки], ID_поставщика, [Откуда поставляется], [Стоимость поставки], [Ед.товара], ID_сотрудника) VALUES (1027, 3, N'2ZRIDDM2MVBVPB', 45178, 53, 15)
INSERT dbo.Поставки([Номер поставки], ID_поставщика, [Откуда поставляется], [Стоимость поставки], [Ед.товара], ID_сотрудника) VALUES (1028, 2, N'82H', 90980, 5, 9)
INSERT dbo.Поставки([Номер поставки], ID_поставщика, [Откуда поставляется], [Стоимость поставки], [Ед.товара], ID_сотрудника) VALUES (1029, 5, N'W908D257ZQHZOUQ9YPBI6HW', 89877, 88, 10)
INSERT dbo.Поставки([Номер поставки], ID_поставщика, [Откуда поставляется], [Стоимость поставки], [Ед.товара], ID_сотрудника) VALUES (1030, 7, N'G142QT4G79M50E5F31N', 710, 105, 6)
INSERT dbo.Поставки([Номер поставки], ID_поставщика, [Откуда поставляется], [Стоимость поставки], [Ед.товара], ID_сотрудника) VALUES (1031, 8, N'0', 54000, 64, 20)
INSERT dbo.Поставки([Номер поставки], ID_поставщика, [Откуда поставляется], [Стоимость поставки], [Ед.товара], ID_сотрудника) VALUES (1032, 6, N'41OC52FLD4S071G7308', 9438, 32, 7)
INSERT dbo.Поставки([Номер поставки], ID_поставщика, [Откуда поставляется], [Стоимость поставки], [Ед.товара], ID_сотрудника) VALUES (1033, 5, N'9A0G26J', 1989, 74, 9)
INSERT dbo.Поставки([Номер поставки], ID_поставщика, [Откуда поставляется], [Стоимость поставки], [Ед.товара], ID_сотрудника) VALUES (1034, 8, N'4K61', 52387, 12, 14)
GO

--
-- Inserting data into table dbo.Техника
--
SET IDENTITY_INSERT dbo.Техника ON
GO
INSERT dbo.Техника([Серийный номер], ID_клиент, ID_обращения, [Тип техники], Модель, [Заявленный дефект], Гарантия, [Год выпуска], [Страна производства], [Стоимость ремонта], Состояние) VALUES (1000000, 13, 1, N'33AJ811JSENBI7366FY6IM4GUVYOLK7GYWM68B2HD7AR9366F5IBVQT283L7834PXJ00Z4DR5E1O04Q8X8WL08C8W', N'iPhone11PROMAX', N'ПроблемыСкамерой', N'Улучшенная', -743938101, NULL, 74952.3091, N'Новый Новый')
INSERT dbo.Техника([Серийный номер], ID_клиент, ID_обращения, [Тип техники], Модель, [Заявленный дефект], Гарантия, [Год выпуска], [Страна производства], [Стоимость ремонта], Состояние) VALUES (1000001, 8, 2, N'4V013V4VHT531X335784EBID60FCRN0V06O1FC65', N'iPhone12PRO', N'МерцаниеЭкрана', N'Отсутствует Есть Отсутствует', 6310, N'Китай', 99133.2399, N'Новый')
INSERT dbo.Техника([Серийный номер], ID_клиент, ID_обращения, [Тип техники], Модель, [Заявленный дефект], Гарантия, [Год выпуска], [Страна производства], [Стоимость ремонта], Состояние) VALUES (1000002, 11, 3, N'UV69W2E2D2H63R6X2W509ISG6MUB3J36B3846JNPH4T6CU6491OUX3MQ', N'Samsung21', N'ОтсутствуетЗВук', N'Улучшенная Отсутствует', -353635696, N'Китай', 32889.282, N'Новый')
INSERT dbo.Техника([Серийный номер], ID_клиент, ID_обращения, [Тип техники], Модель, [Заявленный дефект], Гарантия, [Год выпуска], [Страна производства], [Стоимость ремонта], Состояние) VALUES (1000003, 10, 4, N'V753PO8407F1632U6189FQ4GY99S9Y901', N'SamsungGalaxyA71', N'НеработаетОтпечатокПальцев', N'Отсутствует Улучшенная Есть', -351919281, N'Китай', 58.4169, N'Сцарапинами')
INSERT dbo.Техника([Серийный номер], ID_клиент, ID_обращения, [Тип техники], Модель, [Заявленный дефект], Гарантия, [Год выпуска], [Страна производства], [Стоимость ремонта], Состояние) VALUES (1000004, 11, 5, N'8518VI6H7QK30PX0556IR2M', N'HuaweiMate30PRO', N'ПроблемыСкамерой', N'Улучшенная Отсутствует', -252661131, N'Китай', 53666.436, N'Сцарапинами')
INSERT dbo.Техника([Серийный номер], ID_клиент, ID_обращения, [Тип техники], Модель, [Заявленный дефект], Гарантия, [Год выпуска], [Страна производства], [Стоимость ремонта], Состояние) VALUES (1000005, 14, 6, N'01FQBSR833R4URR3I2898S0IYJAOQ', N'GooglePixel3', N'МерцаниеЭкрана', N'Улучшенная Улучшенная', -379668815, N'Китай', 99055.8839, N'Новый')
INSERT dbo.Техника([Серийный номер], ID_клиент, ID_обращения, [Тип техники], Модель, [Заявленный дефект], Гарантия, [Год выпуска], [Страна производства], [Стоимость ремонта], Состояние) VALUES (1000006, 3, 7, N'00', N'iPhone13PRO', N'НеработаетОтпечатокПальцев', N'Есть Улучшенная Отсутствует', -2242, N'Вьетнам', 49802.9108, N'Сцарапинами')
INSERT dbo.Техника([Серийный номер], ID_клиент, ID_обращения, [Тип техники], Модель, [Заявленный дефект], Гарантия, [Год выпуска], [Страна производства], [Стоимость ремонта], Состояние) VALUES (1000007, 5, 8, N'MS57Q02C5W5Y4HDIUKS16BL6ID6NN41ZK32RH9GFNLLBJ4NSI', N'Samsung21', N'ЧастоВыключается', N'Отсутствует', -1844384873, N'Корея', 83321.3982, N'Новый')
INSERT dbo.Техника([Серийный номер], ID_клиент, ID_обращения, [Тип техники], Модель, [Заявленный дефект], Гарантия, [Год выпуска], [Страна производства], [Стоимость ремонта], Состояние) VALUES (1000008, 3, 9, NULL, N'iPhone11PROMAX', N'ОтсутствуетЗВук', N'Отсутствует Отсутствует', -5, N'Китай', NULL, N'Сцарапинами')
INSERT dbo.Техника([Серийный номер], ID_клиент, ID_обращения, [Тип техники], Модель, [Заявленный дефект], Гарантия, [Год выпуска], [Страна производства], [Стоимость ремонта], Состояние) VALUES (1000009, 7, 10, N'H2VKP842244P6WFBPBH08E627106', N'SamsungFlip', N'ЧастоВыключается', N'Улучшенная', -1990873516, N'Китай', 11642.1485, N'Сцарапинами')
INSERT dbo.Техника([Серийный номер], ID_клиент, ID_обращения, [Тип техники], Модель, [Заявленный дефект], Гарантия, [Год выпуска], [Страна производства], [Стоимость ремонта], Состояние) VALUES (1000010, 3, 11, N'3ZJOIPW96IA', N'iPhone11PRO', N'НеработаетЗарядка', N'Улучшенная Улучшенная', -1879276433, N'Корея', 85528.4087, N'Сцарапинами')
INSERT dbo.Техника([Серийный номер], ID_клиент, ID_обращения, [Тип техники], Модель, [Заявленный дефект], Гарантия, [Год выпуска], [Страна производства], [Стоимость ремонта], Состояние) VALUES (1000011, 8, 12, N'35YA874RRMGE3DG2N6T77HA3N25C41OSQTSLUID8FL42B3K2R0CS302028', N'SamsungFlip', N'ЧастоВыключается', N'Есть Отсутствует', -1217528517, N'Вьетнам', 60553.3333, N'Сцарапинами')
INSERT dbo.Техника([Серийный номер], ID_клиент, ID_обращения, [Тип техники], Модель, [Заявленный дефект], Гарантия, [Год выпуска], [Страна производства], [Стоимость ремонта], Состояние) VALUES (1000012, 6, 13, N'5659H1423P0O59UD74113OM84Y34D6L8H6E22BZ', N'OppoReno RealmeX3', N'ОтсутствуетЗВук РазбитЭкран', N'Улучшенная Улучшенная', -6, N'Китай', 28223.1446, N'Сцарапинами')
INSERT dbo.Техника([Серийный номер], ID_клиент, ID_обращения, [Тип техники], Модель, [Заявленный дефект], Гарантия, [Год выпуска], [Страна производства], [Стоимость ремонта], Состояние) VALUES (1000013, 10, 14, N'LSL0REID67F4153XR8Z2R958N', N'iPhone12PRO', N'РазбитЭкран МерцаниеЭкрана', N'Есть Отсутствует Отсутствует', -829729609, NULL, 67388.2644, N'Новый')
INSERT dbo.Техника([Серийный номер], ID_клиент, ID_обращения, [Тип техники], Модель, [Заявленный дефект], Гарантия, [Год выпуска], [Страна производства], [Стоимость ремонта], Состояние) VALUES (1000014, 4, 15, N'OPY7SV8NFPTWV4XCNNF6EDGQY8Q40J10N58K3O5MNK2982XONAA69M727GA21BM99050ET0WL0O94618', N'iPhone11PRO', N'НеработаетОтпечатокПальцев', N'Отсутствует Есть', -382741220, N'Вьетнам', 40.7918, N'Сцарапинами')
INSERT dbo.Техника([Серийный номер], ID_клиент, ID_обращения, [Тип техники], Модель, [Заявленный дефект], Гарантия, [Год выпуска], [Страна производства], [Стоимость ремонта], Состояние) VALUES (1000015, 4, 16, N'152903N998N10W97UYADK66365NYOXQ75XAP5406', N'HuaweiMate30PRO', N'НеработаетЗарядка', N'Отсутствует Есть Есть', 1, N'Вьетнам', 7.2683, N'Сцарапинами')
INSERT dbo.Техника([Серийный номер], ID_клиент, ID_обращения, [Тип техники], Модель, [Заявленный дефект], Гарантия, [Год выпуска], [Страна производства], [Стоимость ремонта], Состояние) VALUES (1000016, 11, 17, N'KR6239K9H4W', N'HuaweiP30PRO', N'ПроблемыСкамерой', N'Отсутствует Отсутствует Есть', -1500456240, N'Корея', 33143.4654, N'Новый Новый')
INSERT dbo.Техника([Серийный номер], ID_клиент, ID_обращения, [Тип техники], Модель, [Заявленный дефект], Гарантия, [Год выпуска], [Страна производства], [Стоимость ремонта], Состояние) VALUES (1000017, 6, 18, N'R5Y3P43A26D7PGOSRM3TT9N9Z0ER2', N'OppoReno Samsung21', N'РазбитЭкран', N'Улучшенная Отсутствует', -1376400710, N'Китай', 1561.2792, N'Сцарапинами')
INSERT dbo.Техника([Серийный номер], ID_клиент, ID_обращения, [Тип техники], Модель, [Заявленный дефект], Гарантия, [Год выпуска], [Страна производства], [Стоимость ремонта], Состояние) VALUES (1000018, 15, 19, N'IE413O8K5X', N'SamsungFlip', N'НетИнтернета МерцаниеЭкрана', N'Улучшенная', -488, N'Китай', 0.5395, N'Новый')
INSERT dbo.Техника([Серийный номер], ID_клиент, ID_обращения, [Тип техники], Модель, [Заявленный дефект], Гарантия, [Год выпуска], [Страна производства], [Стоимость ремонта], Состояние) VALUES (1000019, 20, 20, N'J61I5G34L22', N'iPhone13PRO', N'ОтсутствуетЗВук', N'Есть Есть', -6835, N'Вьетнам', 54461.1583, N'Сцарапинами')
INSERT dbo.Техника([Серийный номер], ID_клиент, ID_обращения, [Тип техники], Модель, [Заявленный дефект], Гарантия, [Год выпуска], [Страна производства], [Стоимость ремонта], Состояние) VALUES (1000020, 12, 21, N'X0027G3B4SBI4B319XB169QLI0G90BR5V272198Y796U', N'Samsung21', N'НеработаетОтпечатокПальцев', N'Есть Есть Отсутствует', 96, N'Китай', 85162.2448, NULL)
INSERT dbo.Техника([Серийный номер], ID_клиент, ID_обращения, [Тип техники], Модель, [Заявленный дефект], Гарантия, [Год выпуска], [Страна производства], [Стоимость ремонта], Состояние) VALUES (1000021, 15, 22, NULL, N'iPhone12PRO', N'ЧастоВыключается', N'Улучшенная', 5, NULL, NULL, N'Новый Новый')
INSERT dbo.Техника([Серийный номер], ID_клиент, ID_обращения, [Тип техники], Модель, [Заявленный дефект], Гарантия, [Год выпуска], [Страна производства], [Стоимость ремонта], Состояние) VALUES (1000022, 2, 23, N'ZRV92P7C9428W70Y44L1E790F4238I75C8P6337JDR9TM093XHH36Y642ZS19', N'SamsungFlip', N'НеработаетОтпечатокПальцев', N'Улучшенная', -1157709420, N'Китай', 37950.758, N'Сцарапинами')
INSERT dbo.Техника([Серийный номер], ID_клиент, ID_обращения, [Тип техники], Модель, [Заявленный дефект], Гарантия, [Год выпуска], [Страна производства], [Стоимость ремонта], Состояние) VALUES (1000023, 3, 24, N'E022LM4F5MM1707ZC1', N'iPhone11PROMAX', N'РазбитЭкран', N'Есть Есть Есть Есть', -575083949, N'Китай', 30121.6775, N'Сцарапинами')
INSERT dbo.Техника([Серийный номер], ID_клиент, ID_обращения, [Тип техники], Модель, [Заявленный дефект], Гарантия, [Год выпуска], [Страна производства], [Стоимость ремонта], Состояние) VALUES (1000024, 13, 25, N'92H', N'iPhone12PRO', N'ОтсутствуетЗВук', N'Есть Есть', -1970605739, N'Вьетнам', 21517.8864, N'Новый')
INSERT dbo.Техника([Серийный номер], ID_клиент, ID_обращения, [Тип техники], Модель, [Заявленный дефект], Гарантия, [Год выпуска], [Страна производства], [Стоимость ремонта], Состояние) VALUES (1000025, 2, 26, NULL, N'Samsung21', N'НеработаетЗарядка', N'Улучшенная Отсутствует', -518816354, N'Корея', NULL, N'Сцарапинами')
INSERT dbo.Техника([Серийный номер], ID_клиент, ID_обращения, [Тип техники], Модель, [Заявленный дефект], Гарантия, [Год выпуска], [Страна производства], [Стоимость ремонта], Состояние) VALUES (1000026, 3, 27, N'9', N'HuaweiMate30PRO', N'НеработаетЗарядка', N'Есть Есть', -852465309, N'Китай', 55337.5979, N'Сцарапинами')
INSERT dbo.Техника([Серийный номер], ID_клиент, ID_обращения, [Тип техники], Модель, [Заявленный дефект], Гарантия, [Год выпуска], [Страна производства], [Стоимость ремонта], Состояние) VALUES (1000027, 1, 28, N'486UBH3Q50T9G7RDQ05E141T1B9HC13VW', N'GooglePixel3', N'НетИнтернета МерцаниеЭкрана', N'Есть Есть Отсутствует', 6462, NULL, 43683.4484, N'Новый Новый')
INSERT dbo.Техника([Серийный номер], ID_клиент, ID_обращения, [Тип техники], Модель, [Заявленный дефект], Гарантия, [Год выпуска], [Страна производства], [Стоимость ремонта], Состояние) VALUES (1000028, 9, 29, NULL, N'iPhone11PROMAX', N'ОтсутствуетЗВук', N'Отсутствует Есть', -498778948, N'Китай', NULL, N'Сцарапинами')
INSERT dbo.Техника([Серийный номер], ID_клиент, ID_обращения, [Тип техники], Модель, [Заявленный дефект], Гарантия, [Год выпуска], [Страна производства], [Стоимость ремонта], Состояние) VALUES (1000029, 1, 30, N'Z21CYOPV5Q0CTG561EP682J2132O7I6656DD01EFUU6OPYPO81QA5LSU3DY4S0TGRPD', N'RealmeX3 RealmeX3', N'ОтсутствуетЗВук', N'Улучшенная Есть Есть', -639813372, NULL, 76966.5198, N'Сцарапинами')
INSERT dbo.Техника([Серийный номер], ID_клиент, ID_обращения, [Тип техники], Модель, [Заявленный дефект], Гарантия, [Год выпуска], [Страна производства], [Стоимость ремонта], Состояние) VALUES (1000030, 5, 31, N'7KS73BPHR87H', N'SamsungGalaxyA20', N'НеработаетОтпечатокПальцев', N'Отсутствует Улучшенная', -638893067, NULL, 49525.0009, N'Новый Новый')
INSERT dbo.Техника([Серийный номер], ID_клиент, ID_обращения, [Тип техники], Модель, [Заявленный дефект], Гарантия, [Год выпуска], [Страна производства], [Стоимость ремонта], Состояние) VALUES (1000031, 2, 32, N'O84928W6BEVD43X636SU75VEVRZ4Y0IN08003UXP2UH4555OU', N'OppoReno', N'НеработаетЗарядка', N'Есть Отсутствует', -1870102288, N'Китай', 70082.108, N'Новый Новый')
INSERT dbo.Техника([Серийный номер], ID_клиент, ID_обращения, [Тип техники], Модель, [Заявленный дефект], Гарантия, [Год выпуска], [Страна производства], [Стоимость ремонта], Состояние) VALUES (1000032, 17, 33, N'6EIP8E7065OXH1NOG918S440C18642FL6Q5IV1BZ55E6I6F3IL4XXD45J32683U53258TFCC3RX60R6SMK26GLU34W86PA63TUX1', N'Samsung21', N'ОтсутствуетЗВук', N'Улучшенная Отсутствует', -757701708, N'Китай', 76937.0769, N'Новый')
INSERT dbo.Техника([Серийный номер], ID_клиент, ID_обращения, [Тип техники], Модель, [Заявленный дефект], Гарантия, [Год выпуска], [Страна производства], [Стоимость ремонта], Состояние) VALUES (1000033, 20, 34, N'45K6BT', N'Samsung21 OppoReno', N'ПроблемыСкамерой', N'Улучшенная', -1385025844, N'Китай', 90637.2679, N'Сцарапинами')
INSERT dbo.Техника([Серийный номер], ID_клиент, ID_обращения, [Тип техники], Модель, [Заявленный дефект], Гарантия, [Год выпуска], [Страна производства], [Стоимость ремонта], Состояние) VALUES (1000034, 15, 35, N'UJPD7A1I3S3P83II83IA', N'iPhone12PRO', N'МерцаниеЭкрана', N'Отсутствует Есть', -584926127, N'Китай', 43626.4959, N'Новый Новый')
INSERT dbo.Техника([Серийный номер], ID_клиент, ID_обращения, [Тип техники], Модель, [Заявленный дефект], Гарантия, [Год выпуска], [Страна производства], [Стоимость ремонта], Состояние) VALUES (1000035, 17, 36, NULL, N'iPhone12PRO', N'НеработаетОтпечатокПальцев', N'Есть Есть Есть Отсутствует', -288844297, N'Вьетнам', NULL, N'Сцарапинами')
INSERT dbo.Техника([Серийный номер], ID_клиент, ID_обращения, [Тип техники], Модель, [Заявленный дефект], Гарантия, [Год выпуска], [Страна производства], [Стоимость ремонта], Состояние) VALUES (1000036, 7, 37, N'H3O50AET040G', N'GooglePixel3', N'РазбитЭкран', N'Улучшенная Есть', -841086490, N'Корея', 45913.9677, N'Сцарапинами')
INSERT dbo.Техника([Серийный номер], ID_клиент, ID_обращения, [Тип техники], Модель, [Заявленный дефект], Гарантия, [Год выпуска], [Страна производства], [Стоимость ремонта], Состояние) VALUES (1000037, 13, 38, NULL, N'RealmeX3 RealmeX3', N'ПроблемыСкамерой', N'Улучшенная Улучшенная', -1399447784, N'Китай', NULL, N'Сцарапинами')
INSERT dbo.Техника([Серийный номер], ID_клиент, ID_обращения, [Тип техники], Модель, [Заявленный дефект], Гарантия, [Год выпуска], [Страна производства], [Стоимость ремонта], Состояние) VALUES (1000038, 9, 39, N'TPA8W6', N'OppoReno Samsung21', N'ПроблемыСкамерой', N'Есть Улучшенная', -1437140810, NULL, 2.2176, N'Сцарапинами')
INSERT dbo.Техника([Серийный номер], ID_клиент, ID_обращения, [Тип техники], Модель, [Заявленный дефект], Гарантия, [Год выпуска], [Страна производства], [Стоимость ремонта], Состояние) VALUES (1000039, 9, 40, N'FL2PXDFARPFS10X9K1BG3123WU923UH1P', N'OppoReno', N'МерцаниеЭкрана', N'Отсутствует', -1688474378, N'Корея', 7228.7577, N'Сцарапинами')
INSERT dbo.Техника([Серийный номер], ID_клиент, ID_обращения, [Тип техники], Модель, [Заявленный дефект], Гарантия, [Год выпуска], [Страна производства], [Стоимость ремонта], Состояние) VALUES (1000040, 3, 41, N'2E4Y', N'iPhone12PRO', N'НетИнтернета РазбитЭкран', N'Улучшенная', -86, N'Вьетнам', 66087.7931, N'Новый Новый')
INSERT dbo.Техника([Серийный номер], ID_клиент, ID_обращения, [Тип техники], Модель, [Заявленный дефект], Гарантия, [Год выпуска], [Страна производства], [Стоимость ремонта], Состояние) VALUES (1000041, 17, 42, NULL, N'iPhone12PRO', N'МерцаниеЭкрана', N'Улучшенная Есть', -49, N'Китай', NULL, N'Сцарапинами')
INSERT dbo.Техника([Серийный номер], ID_клиент, ID_обращения, [Тип техники], Модель, [Заявленный дефект], Гарантия, [Год выпуска], [Страна производства], [Стоимость ремонта], Состояние) VALUES (1000042, 14, 43, N'X2I40JW101', N'iPhone11PROMAX', N'ЧастоВыключается', N'Улучшенная Улучшенная', -3, N'Китай', 7.7021, N'Новый')
INSERT dbo.Техника([Серийный номер], ID_клиент, ID_обращения, [Тип техники], Модель, [Заявленный дефект], Гарантия, [Год выпуска], [Страна производства], [Стоимость ремонта], Состояние) VALUES (1000043, 16, 44, NULL, N'iPhone12PRO', N'МерцаниеЭкрана', N'Улучшенная Улучшенная', -853150287, N'Китай', NULL, NULL)
INSERT dbo.Техника([Серийный номер], ID_клиент, ID_обращения, [Тип техники], Модель, [Заявленный дефект], Гарантия, [Год выпуска], [Страна производства], [Стоимость ремонта], Состояние) VALUES (1000044, 15, 45, N'DV', N'OppoReno', N'МерцаниеЭкрана', N'Улучшенная Есть', -413431522, N'Корея', 84000.6242, N'Сцарапинами')
INSERT dbo.Техника([Серийный номер], ID_клиент, ID_обращения, [Тип техники], Модель, [Заявленный дефект], Гарантия, [Год выпуска], [Страна производства], [Стоимость ремонта], Состояние) VALUES (1000045, 4, 46, N'9M14M7U5J27XW1IQJTDS7W524DZ16Q9', N'HuaweiP30PRO', N'ЧастоВыключается', N'Есть Улучшенная', -1547524983, N'Корея', 97797.144, N'Новый Новый')
INSERT dbo.Техника([Серийный номер], ID_клиент, ID_обращения, [Тип техники], Модель, [Заявленный дефект], Гарантия, [Год выпуска], [Страна производства], [Стоимость ремонта], Состояние) VALUES (1000046, 8, 47, N'IXA8Y9EP417F27EKI1A27128A80VI7NTX6AF', N'SamsungGalaxyA20', N'НетИнтернета', N'Улучшенная Отсутствует', 600, N'Китай', 71.9727, N'Сцарапинами')
INSERT dbo.Техника([Серийный номер], ID_клиент, ID_обращения, [Тип техники], Модель, [Заявленный дефект], Гарантия, [Год выпуска], [Страна производства], [Стоимость ремонта], Состояние) VALUES (1000047, 9, 48, N'U97KTTAZB5U4ERQ84KPGZ7P', N'Samsung21', N'НеработаетОтпечатокПальцев', N'Есть Улучшенная', -99, N'Китай', 33085.5038, N'Новый')
INSERT dbo.Техника([Серийный номер], ID_клиент, ID_обращения, [Тип техники], Модель, [Заявленный дефект], Гарантия, [Год выпуска], [Страна производства], [Стоимость ремонта], Состояние) VALUES (1000048, 17, 49, N'A59675IC812871W89M7B', N'iPhone12PRO', N'НеработаетОтпечатокПальцев', N'Есть Отсутствует', -1615072518, NULL, 17646.6955, NULL)
INSERT dbo.Техника([Серийный номер], ID_клиент, ID_обращения, [Тип техники], Модель, [Заявленный дефект], Гарантия, [Год выпуска], [Страна производства], [Стоимость ремонта], Состояние) VALUES (1000049, 11, 50, N'GK457L61MUC8XA0C5X7Y0EC7FTRWUO8C34XI4F402PRJ0QRL', N'iPhone11PRO', N'НетИнтернета НетИнтернета', N'Есть Есть Есть Улучшенная', -970506682, N'Китай', 23428.4091, N'Сцарапинами')
GO
SET IDENTITY_INSERT dbo.Техника OFF
GO

--
-- Inserting data into table dbo.Запчасти
--
SET IDENTITY_INSERT dbo.Запчасти ON
GO
INSERT dbo.Запчасти(ID_запчасти, id_места, [Номер поставки], [Название запчасти], [Применяемость в ремонте], Стоимость) VALUES (1, 7, 1031, N'TEST1', N'yv', 626)
INSERT dbo.Запчасти(ID_запчасти, id_места, [Номер поставки], [Название запчасти], [Применяемость в ремонте], Стоимость) VALUES (2, 3, 1000, N'TEST4', N'dE', 12688)
INSERT dbo.Запчасти(ID_запчасти, id_места, [Номер поставки], [Название запчасти], [Применяемость в ремонте], Стоимость) VALUES (3, 2, 1031, N'TEST4', N'a', 6139)
INSERT dbo.Запчасти(ID_запчасти, id_места, [Номер поставки], [Название запчасти], [Применяемость в ремонте], Стоимость) VALUES (4, 20, 1006, N'TEST1', N'S', 11052)
INSERT dbo.Запчасти(ID_запчасти, id_места, [Номер поставки], [Название запчасти], [Применяемость в ремонте], Стоимость) VALUES (5, 1, 1028, N'TEST5', N'ГI', 7942)
INSERT dbo.Запчасти(ID_запчасти, id_места, [Номер поставки], [Название запчасти], [Применяемость в ремонте], Стоимость) VALUES (6, 3, 1034, N'TEST1', N'Мp', 9978)
INSERT dbo.Запчасти(ID_запчасти, id_места, [Номер поставки], [Название запчасти], [Применяемость в ремонте], Стоимость) VALUES (7, 21, 1015, N'TEST4', N'О6', 3)
INSERT dbo.Запчасти(ID_запчасти, id_места, [Номер поставки], [Название запчасти], [Применяемость в ремонте], Стоимость) VALUES (8, 23, 1007, N'TEST1', N'И', 6088)
INSERT dbo.Запчасти(ID_запчасти, id_места, [Номер поставки], [Название запчасти], [Применяемость в ремонте], Стоимость) VALUES (9, 17, 1021, N'АAAAA', N'/H', 4368)
INSERT dbo.Запчасти(ID_запчасти, id_места, [Номер поставки], [Название запчасти], [Применяемость в ремонте], Стоимость) VALUES (10, 11, 1010, N'TEST2', N'Р', 19999.9998)
INSERT dbo.Запчасти(ID_запчасти, id_места, [Номер поставки], [Название запчасти], [Применяемость в ремонте], Стоимость) VALUES (11, 4, 1007, N'АAAAA', N'Nz', 10938)
INSERT dbo.Запчасти(ID_запчасти, id_места, [Номер поставки], [Название запчасти], [Применяемость в ремонте], Стоимость) VALUES (12, 12, 1005, N'АAAAA', N'лc', 7881)
INSERT dbo.Запчасти(ID_запчасти, id_места, [Номер поставки], [Название запчасти], [Применяемость в ремонте], Стоимость) VALUES (13, 8, 1012, N'TEST1', N'I4', 5)
INSERT dbo.Запчасти(ID_запчасти, id_места, [Номер поставки], [Название запчасти], [Применяемость в ремонте], Стоимость) VALUES (14, 21, 1014, N'TEST1', N'l_', 1)
INSERT dbo.Запчасти(ID_запчасти, id_места, [Номер поставки], [Название запчасти], [Применяемость в ремонте], Стоимость) VALUES (15, 17, 1022, N'TEST4', N'N8', 19999.9999)
INSERT dbo.Запчасти(ID_запчасти, id_места, [Номер поставки], [Название запчасти], [Применяемость в ремонте], Стоимость) VALUES (16, 3, 1011, N'TEST3', N'о', 10541)
INSERT dbo.Запчасти(ID_запчасти, id_места, [Номер поставки], [Название запчасти], [Применяемость в ремонте], Стоимость) VALUES (17, 5, 1002, N'TEST3', N'Б', 420)
INSERT dbo.Запчасти(ID_запчасти, id_места, [Номер поставки], [Название запчасти], [Применяемость в ремонте], Стоимость) VALUES (18, 24, 1012, N'АAAAA', N'Щ', 1175)
INSERT dbo.Запчасти(ID_запчасти, id_места, [Номер поставки], [Название запчасти], [Применяемость в ремонте], Стоимость) VALUES (19, 8, 1006, N'TEST5', N'Oh', 3977)
INSERT dbo.Запчасти(ID_запчасти, id_места, [Номер поставки], [Название запчасти], [Применяемость в ремонте], Стоимость) VALUES (20, 8, 1029, N'TEST5', N'Д', 0.0002)
INSERT dbo.Запчасти(ID_запчасти, id_места, [Номер поставки], [Название запчасти], [Применяемость в ремонте], Стоимость) VALUES (21, 4, 1000, N'TEST5', NULL, 19775)
INSERT dbo.Запчасти(ID_запчасти, id_места, [Номер поставки], [Название запчасти], [Применяемость в ремонте], Стоимость) VALUES (22, 7, 1015, N'TEST1', N'fs', 17795)
INSERT dbo.Запчасти(ID_запчасти, id_места, [Номер поставки], [Название запчасти], [Применяемость в ремонте], Стоимость) VALUES (23, 22, 1032, N'TEST4', N'В0', 415)
INSERT dbo.Запчасти(ID_запчасти, id_места, [Номер поставки], [Название запчасти], [Применяемость в ремонте], Стоимость) VALUES (24, 23, 1026, N'TEST2', N'Иb', 1)
INSERT dbo.Запчасти(ID_запчасти, id_места, [Номер поставки], [Название запчасти], [Применяемость в ремонте], Стоимость) VALUES (25, 22, 1028, N'TEST3', N'I4', 85)
INSERT dbo.Запчасти(ID_запчасти, id_места, [Номер поставки], [Название запчасти], [Применяемость в ремонте], Стоимость) VALUES (26, 13, 1016, N'TEST5', N'q2', 4292)
INSERT dbo.Запчасти(ID_запчасти, id_места, [Номер поставки], [Название запчасти], [Применяемость в ремонте], Стоимость) VALUES (27, 16, 1023, N'TEST3', N'c', 16301)
INSERT dbo.Запчасти(ID_запчасти, id_места, [Номер поставки], [Название запчасти], [Применяемость в ремонте], Стоимость) VALUES (28, 15, 1019, N'TEST3', N'A', 145)
INSERT dbo.Запчасти(ID_запчасти, id_места, [Номер поставки], [Название запчасти], [Применяемость в ремонте], Стоимость) VALUES (29, 12, 1026, N'TEST4', N'U', 13443)
INSERT dbo.Запчасти(ID_запчасти, id_места, [Номер поставки], [Название запчасти], [Применяемость в ремонте], Стоимость) VALUES (30, 22, 1010, N'TEST2', N'чE', 0.9999)
INSERT dbo.Запчасти(ID_запчасти, id_места, [Номер поставки], [Название запчасти], [Применяемость в ремонте], Стоимость) VALUES (31, 13, 1031, N'АAAAA', N'CC', 11484)
INSERT dbo.Запчасти(ID_запчасти, id_места, [Номер поставки], [Название запчасти], [Применяемость в ремонте], Стоимость) VALUES (32, 21, 1023, N'TEST1', N'а', 10819)
INSERT dbo.Запчасти(ID_запчасти, id_места, [Номер поставки], [Название запчасти], [Применяемость в ремонте], Стоимость) VALUES (33, 19, 1021, N'TEST1', N'/', 5712)
INSERT dbo.Запчасти(ID_запчасти, id_места, [Номер поставки], [Название запчасти], [Применяемость в ремонте], Стоимость) VALUES (34, 3, 1023, N'АAAAA', N'a', 0.0001)
INSERT dbo.Запчасти(ID_запчасти, id_места, [Номер поставки], [Название запчасти], [Применяемость в ремонте], Стоимость) VALUES (35, 19, 1026, N'TEST5', N',', 894)
INSERT dbo.Запчасти(ID_запчасти, id_места, [Номер поставки], [Название запчасти], [Применяемость в ремонте], Стоимость) VALUES (36, 19, 1008, N'АAAAA', N'cT', 2604)
INSERT dbo.Запчасти(ID_запчасти, id_места, [Номер поставки], [Название запчасти], [Применяемость в ремонте], Стоимость) VALUES (37, 4, 1028, N'TEST1', N'dB', 9468)
INSERT dbo.Запчасти(ID_запчасти, id_места, [Номер поставки], [Название запчасти], [Применяемость в ремонте], Стоимость) VALUES (38, 20, 1029, N'АAAAA', N'ZF', 16083)
INSERT dbo.Запчасти(ID_запчасти, id_места, [Номер поставки], [Название запчасти], [Применяемость в ремонте], Стоимость) VALUES (39, 18, 1005, N'TEST4', N'O0', 1660)
INSERT dbo.Запчасти(ID_запчасти, id_места, [Номер поставки], [Название запчасти], [Применяемость в ремонте], Стоимость) VALUES (40, 1, 1018, N'TEST3', N'UE', 20000)
INSERT dbo.Запчасти(ID_запчасти, id_места, [Номер поставки], [Название запчасти], [Применяемость в ремонте], Стоимость) VALUES (41, 20, 1024, N'TEST4', N'h9', 12209)
INSERT dbo.Запчасти(ID_запчасти, id_места, [Номер поставки], [Название запчасти], [Применяемость в ремонте], Стоимость) VALUES (42, 17, 1013, N'TEST2', N'w_', 34)
INSERT dbo.Запчасти(ID_запчасти, id_места, [Номер поставки], [Название запчасти], [Применяемость в ремонте], Стоимость) VALUES (43, 12, 1003, N'TEST1', N'g', 824)
INSERT dbo.Запчасти(ID_запчасти, id_места, [Номер поставки], [Название запчасти], [Применяемость в ремонте], Стоимость) VALUES (44, 15, 1029, N'TEST2', NULL, 21)
INSERT dbo.Запчасти(ID_запчасти, id_места, [Номер поставки], [Название запчасти], [Применяемость в ремонте], Стоимость) VALUES (45, 4, 1032, N'TEST2', N'O', 0)
INSERT dbo.Запчасти(ID_запчасти, id_места, [Номер поставки], [Название запчасти], [Применяемость в ремонте], Стоимость) VALUES (46, 22, 1034, N'TEST1', N'Д', 0)
INSERT dbo.Запчасти(ID_запчасти, id_места, [Номер поставки], [Название запчасти], [Применяемость в ремонте], Стоимость) VALUES (47, 8, 1021, N'TEST4', N'V_', 2473)
INSERT dbo.Запчасти(ID_запчасти, id_места, [Номер поставки], [Название запчасти], [Применяемость в ремонте], Стоимость) VALUES (48, 23, 1016, N'TEST5', N'.D', 19884)
INSERT dbo.Запчасти(ID_запчасти, id_места, [Номер поставки], [Название запчасти], [Применяемость в ремонте], Стоимость) VALUES (49, 2, 1007, N'АAAAA', NULL, 3384)
INSERT dbo.Запчасти(ID_запчасти, id_места, [Номер поставки], [Название запчасти], [Применяемость в ремонте], Стоимость) VALUES (50, 17, 1024, N'TEST3', N'я3', 363)
GO
SET IDENTITY_INSERT dbo.Запчасти OFF
GO

--
-- Inserting data into table dbo.Обращения
--
SET IDENTITY_INSERT dbo.Обращения ON
GO
INSERT dbo.Обращения(ID_заказа, ID_клиента, ID_cотрудника, Номер_техники, Стоимость, [Дата принятия], [Время ремонта], Скидка, Запчасти, Гарантия, [Заявленный дефект]) VALUES (1, 13, 4, 1000017, 61024.2339, '1991-04-20 00:00:01.000', '1988-04-09 00:00:01.000', 4, -1016117299, N'Есть', N'ОтсутствуетЗВук')
INSERT dbo.Обращения(ID_заказа, ID_клиента, ID_cотрудника, Номер_техники, Стоимость, [Дата принятия], [Время ремонта], Скидка, Запчасти, Гарантия, [Заявленный дефект]) VALUES (2, 18, 9, 1000031, 92724.9381, '1992-05-20 00:00:01.000', '1970-01-18 00:00:01.000', 7, -1294252032, N'Отсутствует', N'НетИнтернета')
INSERT dbo.Обращения(ID_заказа, ID_клиента, ID_cотрудника, Номер_техники, Стоимость, [Дата принятия], [Время ремонта], Скидка, Запчасти, Гарантия, [Заявленный дефект]) VALUES (3, 20, 14, 1000036, 59348.4002, '1979-08-25 00:00:01.000', NULL, 9, -2026866883, N'Отсутствует', N'ЧастоВыключается')
INSERT dbo.Обращения(ID_заказа, ID_клиента, ID_cотрудника, Номер_техники, Стоимость, [Дата принятия], [Время ремонта], Скидка, Запчасти, Гарантия, [Заявленный дефект]) VALUES (4, 5, 8, 1000020, 19196.4383, '1971-07-08 00:00:01.000', NULL, 18, -1007499923, N'Улучшенная', N'НеработаетОтпечатокПальцев')
INSERT dbo.Обращения(ID_заказа, ID_клиента, ID_cотрудника, Номер_техники, Стоимость, [Дата принятия], [Время ремонта], Скидка, Запчасти, Гарантия, [Заявленный дефект]) VALUES (5, 8, 3, 1000002, NULL, NULL, '1977-03-05 00:00:01.000', 19, NULL, N'Улучшенная', N'МерцаниеЭкрана')
INSERT dbo.Обращения(ID_заказа, ID_клиента, ID_cотрудника, Номер_техники, Стоимость, [Дата принятия], [Время ремонта], Скидка, Запчасти, Гарантия, [Заявленный дефект]) VALUES (6, 6, 20, 1000016, NULL, NULL, '2020-02-13 00:00:01.000', 0, NULL, N'Отсутствует', N'ЧастоВыключается')
INSERT dbo.Обращения(ID_заказа, ID_клиента, ID_cотрудника, Номер_техники, Стоимость, [Дата принятия], [Время ремонта], Скидка, Запчасти, Гарантия, [Заявленный дефект]) VALUES (7, 9, 4, 1000042, 68204.8434, '1972-12-02 00:00:01.000', '1999-05-12 00:00:01.000', 19, -156965173, N'Улучшенная', N'НеработаетОтпечатокПальцев')
INSERT dbo.Обращения(ID_заказа, ID_клиента, ID_cотрудника, Номер_техники, Стоимость, [Дата принятия], [Время ремонта], Скидка, Запчасти, Гарантия, [Заявленный дефект]) VALUES (8, 7, 6, 1000006, 5224.8009, '1976-12-03 00:00:01.000', '1985-11-10 00:00:01.000', 21, -2528, N'Улучшенная', N'НеработаетЗарядка')
INSERT dbo.Обращения(ID_заказа, ID_клиента, ID_cотрудника, Номер_техники, Стоимость, [Дата принятия], [Время ремонта], Скидка, Запчасти, Гарантия, [Заявленный дефект]) VALUES (9, 19, 12, 1000010, 40432.9265, '1973-04-30 00:00:01.000', '1970-02-13 00:00:01.000', 21, -1881786875, N'Есть', N'РазбитЭкран РазбитЭкран')
INSERT dbo.Обращения(ID_заказа, ID_клиента, ID_cотрудника, Номер_техники, Стоимость, [Дата принятия], [Время ремонта], Скидка, Запчасти, Гарантия, [Заявленный дефект]) VALUES (10, 7, 6, 1000011, 1968.6036, '2015-03-24 00:00:01.000', '1988-04-02 00:00:01.000', 20, -441446008, N'Улучшенная', N'ОтсутствуетЗВук РазбитЭкран')
INSERT dbo.Обращения(ID_заказа, ID_клиента, ID_cотрудника, Номер_техники, Стоимость, [Дата принятия], [Время ремонта], Скидка, Запчасти, Гарантия, [Заявленный дефект]) VALUES (11, 10, 7, 1000020, 20509.0449, '2005-10-07 00:00:01.000', '1990-12-05 00:00:01.000', 8, -8617377, N'Отсутствует', N'ЧастоВыключается')
INSERT dbo.Обращения(ID_заказа, ID_клиента, ID_cотрудника, Номер_техники, Стоимость, [Дата принятия], [Время ремонта], Скидка, Запчасти, Гарантия, [Заявленный дефект]) VALUES (12, 3, 6, 1000017, 25165.6442, '2013-08-30 00:00:01.000', NULL, 4, -1137286860, N'Есть', N'ПроблемыСкамерой')
INSERT dbo.Обращения(ID_заказа, ID_клиента, ID_cотрудника, Номер_техники, Стоимость, [Дата принятия], [Время ремонта], Скидка, Запчасти, Гарантия, [Заявленный дефект]) VALUES (13, 17, 18, 1000044, 67903.8621, '1970-01-05 00:00:01.000', '1986-03-29 00:00:01.000', 16, 48, N'Есть', N'МерцаниеЭкрана')
INSERT dbo.Обращения(ID_заказа, ID_клиента, ID_cотрудника, Номер_техники, Стоимость, [Дата принятия], [Время ремонта], Скидка, Запчасти, Гарантия, [Заявленный дефект]) VALUES (14, 8, 9, 1000008, 78061.5197, '2021-05-07 00:00:01.000', '1971-01-19 00:00:01.000', 23, -111030766, N'Есть Есть', N'ОтсутствуетЗВук')
INSERT dbo.Обращения(ID_заказа, ID_клиента, ID_cотрудника, Номер_техники, Стоимость, [Дата принятия], [Время ремонта], Скидка, Запчасти, Гарантия, [Заявленный дефект]) VALUES (15, 11, 5, 1000038, 5130.6695, '1990-11-20 00:00:01.000', '1971-04-03 00:00:01.000', 0, -1403193710, N'Улучшенная', N'НетИнтернета')
INSERT dbo.Обращения(ID_заказа, ID_клиента, ID_cотрудника, Номер_техники, Стоимость, [Дата принятия], [Время ремонта], Скидка, Запчасти, Гарантия, [Заявленный дефект]) VALUES (16, 13, 13, 1000049, 58300.7436, '1977-03-02 00:00:01.000', '1971-12-05 00:00:01.000', 6, -548292630, N'Отсутствует', N'НеработаетЗарядка')
INSERT dbo.Обращения(ID_заказа, ID_клиента, ID_cотрудника, Номер_техники, Стоимость, [Дата принятия], [Время ремонта], Скидка, Запчасти, Гарантия, [Заявленный дефект]) VALUES (17, 5, 20, 1000041, 12612.1029, '1970-07-02 00:00:01.000', '1971-04-21 00:00:01.000', 7, -18, N'Улучшенная', N'ОтсутствуетЗВук')
INSERT dbo.Обращения(ID_заказа, ID_клиента, ID_cотрудника, Номер_техники, Стоимость, [Дата принятия], [Время ремонта], Скидка, Запчасти, Гарантия, [Заявленный дефект]) VALUES (18, 14, 4, 1000021, 12994.6159, '1982-12-03 00:00:01.000', '2017-05-09 00:00:01.000', 21, -1945912026, N'Улучшенная', N'ЧастоВыключается')
INSERT dbo.Обращения(ID_заказа, ID_клиента, ID_cотрудника, Номер_техники, Стоимость, [Дата принятия], [Время ремонта], Скидка, Запчасти, Гарантия, [Заявленный дефект]) VALUES (19, 8, 12, 1000040, 10714.8687, '1971-07-20 00:00:01.000', '1988-04-24 00:00:01.000', 17, -5, N'Улучшенная', N'ОтсутствуетЗВук')
INSERT dbo.Обращения(ID_заказа, ID_клиента, ID_cотрудника, Номер_техники, Стоимость, [Дата принятия], [Время ремонта], Скидка, Запчасти, Гарантия, [Заявленный дефект]) VALUES (20, 18, 13, 1000026, 85316.0771, '1974-03-26 00:00:01.000', '1996-10-18 00:00:01.000', 20, -529296520, N'Есть', N'РазбитЭкран')
INSERT dbo.Обращения(ID_заказа, ID_клиента, ID_cотрудника, Номер_техники, Стоимость, [Дата принятия], [Время ремонта], Скидка, Запчасти, Гарантия, [Заявленный дефект]) VALUES (21, 16, 15, 1000016, 41814.6170, '1990-09-13 00:00:01.000', '1985-10-19 00:00:01.000', 2, -1336247076, N'Отсутствует', N'МерцаниеЭкрана')
INSERT dbo.Обращения(ID_заказа, ID_клиента, ID_cотрудника, Номер_техники, Стоимость, [Дата принятия], [Время ремонта], Скидка, Запчасти, Гарантия, [Заявленный дефект]) VALUES (22, 16, 4, 1000013, 12828.4944, '1978-01-28 00:00:01.000', '1993-05-30 00:00:01.000', 8, -294, N'Есть Есть', N'НеработаетОтпечатокПальцев')
INSERT dbo.Обращения(ID_заказа, ID_клиента, ID_cотрудника, Номер_техники, Стоимость, [Дата принятия], [Время ремонта], Скидка, Запчасти, Гарантия, [Заявленный дефект]) VALUES (23, 1, 11, 1000015, 63370.5754, '1987-03-26 00:00:01.000', '1982-06-06 00:00:01.000', 13, -1914729552, N'Есть', N'НетИнтернета МерцаниеЭкрана')
INSERT dbo.Обращения(ID_заказа, ID_клиента, ID_cотрудника, Номер_техники, Стоимость, [Дата принятия], [Время ремонта], Скидка, Запчасти, Гарантия, [Заявленный дефект]) VALUES (24, 10, 1, NULL, 63403.8187, '1970-01-10 00:00:01.000', '1970-01-05 00:00:01.000', 24, 9, N'Есть', N'РазбитЭкран')
INSERT dbo.Обращения(ID_заказа, ID_клиента, ID_cотрудника, Номер_техники, Стоимость, [Дата принятия], [Время ремонта], Скидка, Запчасти, Гарантия, [Заявленный дефект]) VALUES (25, 19, 17, 1000023, 83307.6665, '1970-01-24 00:00:01.000', '1971-08-09 00:00:01.000', 12, -2, N'Улучшенная', N'ПроблемыСкамерой')
INSERT dbo.Обращения(ID_заказа, ID_клиента, ID_cотрудника, Номер_техники, Стоимость, [Дата принятия], [Время ремонта], Скидка, Запчасти, Гарантия, [Заявленный дефект]) VALUES (26, 7, 13, 1000023, NULL, NULL, '1970-01-09 00:00:01.000', 22, NULL, N'Есть Есть', N'МерцаниеЭкрана')
INSERT dbo.Обращения(ID_заказа, ID_клиента, ID_cотрудника, Номер_техники, Стоимость, [Дата принятия], [Время ремонта], Скидка, Запчасти, Гарантия, [Заявленный дефект]) VALUES (27, 17, 6, 1000010, 26701.8945, '1978-07-07 00:00:01.000', NULL, 8, -1088997547, N'Улучшенная', N'НеработаетОтпечатокПальцев')
INSERT dbo.Обращения(ID_заказа, ID_клиента, ID_cотрудника, Номер_техники, Стоимость, [Дата принятия], [Время ремонта], Скидка, Запчасти, Гарантия, [Заявленный дефект]) VALUES (28, 2, 19, 1000045, 5652.6316, '1984-09-25 00:00:01.000', '1978-08-01 00:00:01.000', 7, -1663234218, N'Отсутствует', N'ПроблемыСкамерой')
INSERT dbo.Обращения(ID_заказа, ID_клиента, ID_cотрудника, Номер_техники, Стоимость, [Дата принятия], [Время ремонта], Скидка, Запчасти, Гарантия, [Заявленный дефект]) VALUES (29, 11, 14, 1000000, 82624.4247, '1991-08-09 00:00:01.000', '1972-08-08 00:00:01.000', 30, -1518163089, N'Есть Есть', N'ПроблемыСкамерой')
INSERT dbo.Обращения(ID_заказа, ID_клиента, ID_cотрудника, Номер_техники, Стоимость, [Дата принятия], [Время ремонта], Скидка, Запчасти, Гарантия, [Заявленный дефект]) VALUES (30, 7, 3, NULL, 66269.2662, '1976-01-13 00:00:01.000', '1998-07-29 00:00:01.000', 28, -270397956, N'Улучшенная', N'МерцаниеЭкрана')
INSERT dbo.Обращения(ID_заказа, ID_клиента, ID_cотрудника, Номер_техники, Стоимость, [Дата принятия], [Время ремонта], Скидка, Запчасти, Гарантия, [Заявленный дефект]) VALUES (31, 19, 17, 1000032, 48634.1278, '1998-08-10 00:00:01.000', '1975-07-14 00:00:01.000', 17, -780633437, N'Отсутствует', N'РазбитЭкран')
INSERT dbo.Обращения(ID_заказа, ID_клиента, ID_cотрудника, Номер_техники, Стоимость, [Дата принятия], [Время ремонта], Скидка, Запчасти, Гарантия, [Заявленный дефект]) VALUES (32, 16, 12, 1000011, 95269.4567, '2003-04-02 00:00:01.000', '1982-01-26 00:00:01.000', 2, -771017666, N'Улучшенная', N'ПроблемыСкамерой')
INSERT dbo.Обращения(ID_заказа, ID_клиента, ID_cотрудника, Номер_техники, Стоимость, [Дата принятия], [Время ремонта], Скидка, Запчасти, Гарантия, [Заявленный дефект]) VALUES (33, 7, 20, 1000008, 49595.0397, '1970-03-23 00:00:01.000', '1970-01-09 00:00:01.000', 4, 8180, N'Есть Есть', N'МерцаниеЭкрана')
INSERT dbo.Обращения(ID_заказа, ID_клиента, ID_cотрудника, Номер_техники, Стоимость, [Дата принятия], [Время ремонта], Скидка, Запчасти, Гарантия, [Заявленный дефект]) VALUES (34, 16, 9, 1000019, 87076.2098, '2010-12-17 00:00:01.000', '1999-12-14 00:00:01.000', 12, -964986398, N'Отсутствует', N'НетИнтернета')
INSERT dbo.Обращения(ID_заказа, ID_клиента, ID_cотрудника, Номер_техники, Стоимость, [Дата принятия], [Время ремонта], Скидка, Запчасти, Гарантия, [Заявленный дефект]) VALUES (35, 11, 16, 1000029, 53729.6028, '1971-09-20 00:00:01.000', '2018-01-08 00:00:01.000', 30, -6, N'Отсутствует', N'НетИнтернета МерцаниеЭкрана')
INSERT dbo.Обращения(ID_заказа, ID_клиента, ID_cотрудника, Номер_техники, Стоимость, [Дата принятия], [Время ремонта], Скидка, Запчасти, Гарантия, [Заявленный дефект]) VALUES (36, 16, 5, 1000007, 7892.5106, '2009-01-06 00:00:01.000', '1970-04-03 00:00:01.000', 24, -570924148, N'Есть', N'ЧастоВыключается')
INSERT dbo.Обращения(ID_заказа, ID_клиента, ID_cотрудника, Номер_техники, Стоимость, [Дата принятия], [Время ремонта], Скидка, Запчасти, Гарантия, [Заявленный дефект]) VALUES (37, 11, 15, 1000015, 65769.4743, '1987-11-08 00:00:01.000', '2017-10-17 00:00:01.000', 27, -6520, N'Есть', N'ПроблемыСкамерой')
INSERT dbo.Обращения(ID_заказа, ID_клиента, ID_cотрудника, Номер_техники, Стоимость, [Дата принятия], [Время ремонта], Скидка, Запчасти, Гарантия, [Заявленный дефект]) VALUES (38, 15, 16, 1000023, 80209.4622, '1997-03-18 00:00:01.000', '1997-01-07 00:00:01.000', 18, -1815045742, N'Отсутствует', N'МерцаниеЭкрана РазбитЭкран')
INSERT dbo.Обращения(ID_заказа, ID_клиента, ID_cотрудника, Номер_техники, Стоимость, [Дата принятия], [Время ремонта], Скидка, Запчасти, Гарантия, [Заявленный дефект]) VALUES (39, 10, 1, 1000006, 46375.4030, '1975-02-16 00:00:01.000', '2012-05-18 00:00:01.000', 16, -1425496532, N'Отсутствует', N'РазбитЭкран')
INSERT dbo.Обращения(ID_заказа, ID_клиента, ID_cотрудника, Номер_техники, Стоимость, [Дата принятия], [Время ремонта], Скидка, Запчасти, Гарантия, [Заявленный дефект]) VALUES (40, 1, 16, 1000025, NULL, NULL, '1970-04-06 00:00:01.000', 2, NULL, N'Улучшенная', N'ЧастоВыключается')
GO
SET IDENTITY_INSERT dbo.Обращения OFF
GO

--
-- Inserting data into table dbo.Используются
--
INSERT dbo.Используются(id_исполз_предмета, id_обращения, id_детали, место_хранения, дата_поставки) VALUES (1, 39, 33, -391015816, N'1ZP9U3B3F1RQJI')
INSERT dbo.Используются(id_исполз_предмета, id_обращения, id_детали, место_хранения, дата_поставки) VALUES (2, 14, 37, -616262821, N'FK')
INSERT dbo.Используются(id_исполз_предмета, id_обращения, id_детали, место_хранения, дата_поставки) VALUES (3, 26, 41, -4122, N'8X093O5A829B073L629L')
INSERT dbo.Используются(id_исполз_предмета, id_обращения, id_детали, место_хранения, дата_поставки) VALUES (4, 32, 39, 6717, NULL)
INSERT dbo.Используются(id_исполз_предмета, id_обращения, id_детали, место_хранения, дата_поставки) VALUES (5, 13, 38, -1845662322, N'3W63C26G8ZY3')
INSERT dbo.Используются(id_исполз_предмета, id_обращения, id_детали, место_хранения, дата_поставки) VALUES (6, 39, 33, -358640399, N'69VZ66VZSF0012P5MI037QUJ16N679N42QI98LYA9F7E0M8441')
INSERT dbo.Используются(id_исполз_предмета, id_обращения, id_детали, место_хранения, дата_поставки) VALUES (7, 1, 4, -1879078749, N'618I009639425')
INSERT dbo.Используются(id_исполз_предмета, id_обращения, id_детали, место_хранения, дата_поставки) VALUES (8, 10, 15, -1450989276, N'ORV707D43')
INSERT dbo.Используются(id_исполз_предмета, id_обращения, id_детали, место_хранения, дата_поставки) VALUES (9, 26, 42, -468759293, N'JM')
INSERT dbo.Используются(id_исполз_предмета, id_обращения, id_детали, место_хранения, дата_поставки) VALUES (10, 16, 41, -804943989, N'UR83F7D528ZJ3IS459OOCB355ZH91GT8BAJ9E4ZA38')
INSERT dbo.Используются(id_исполз_предмета, id_обращения, id_детали, место_хранения, дата_поставки) VALUES (11, 33, 31, -1627396220, N'IYGQM9YDQ3V90')
INSERT dbo.Используются(id_исполз_предмета, id_обращения, id_детали, место_хранения, дата_поставки) VALUES (12, 10, 23, -61, N'T50U')
INSERT dbo.Используются(id_исполз_предмета, id_обращения, id_детали, место_хранения, дата_поставки) VALUES (13, 39, 6, -394673047, NULL)
INSERT dbo.Используются(id_исполз_предмета, id_обращения, id_детали, место_хранения, дата_поставки) VALUES (14, 4, 29, -2037364754, N'063VFO')
INSERT dbo.Используются(id_исполз_предмета, id_обращения, id_детали, место_хранения, дата_поставки) VALUES (15, 24, 22, -1074134761, N'FLF8Z181OJLZS6314LV6EFY0I75769RPRJJT5LHB84Q8SYBZ4')
INSERT dbo.Используются(id_исполз_предмета, id_обращения, id_детали, место_хранения, дата_поставки) VALUES (16, 25, 17, 0, N'DUT78NJ2EY6Y92780WI72CG85PCU136667Z85L')
INSERT dbo.Используются(id_исполз_предмета, id_обращения, id_детали, место_хранения, дата_поставки) VALUES (17, 30, 49, -364797519, N'G1911RS55U94JG42T4102Q186LR5709C00')
INSERT dbo.Используются(id_исполз_предмета, id_обращения, id_детали, место_хранения, дата_поставки) VALUES (18, 16, 16, -1574211406, N'30YKX03UN1E')
INSERT dbo.Используются(id_исполз_предмета, id_обращения, id_детали, место_хранения, дата_поставки) VALUES (19, 6, 25, -1415257097, NULL)
INSERT dbo.Используются(id_исполз_предмета, id_обращения, id_детали, место_хранения, дата_поставки) VALUES (20, 16, 47, -1712426144, N'5JH2034TT8O4P')
INSERT dbo.Используются(id_исполз_предмета, id_обращения, id_детали, место_хранения, дата_поставки) VALUES (21, 24, 1, -571079991, N'EXLLH84E5DV82B')
INSERT dbo.Используются(id_исполз_предмета, id_обращения, id_детали, место_хранения, дата_поставки) VALUES (22, 29, 7, -185405645, N'FT5DYUZ94U32W9NM1O1Y')
INSERT dbo.Используются(id_исполз_предмета, id_обращения, id_детали, место_хранения, дата_поставки) VALUES (23, 23, 32, 8, N'8NL5')
INSERT dbo.Используются(id_исполз_предмета, id_обращения, id_детали, место_хранения, дата_поставки) VALUES (24, 30, 21, -845483662, N'NWB9ICYY8OB6M83S')
INSERT dbo.Используются(id_исполз_предмета, id_обращения, id_детали, место_хранения, дата_поставки) VALUES (25, 40, 45, -799855023, N'JU4Z387SVO130A0D49F14JR2T')
INSERT dbo.Используются(id_исполз_предмета, id_обращения, id_детали, место_хранения, дата_поставки) VALUES (26, 28, 30, -1003131416, N'1V0G2LQ0TO2Y16QNM9582VVX2')
INSERT dbo.Используются(id_исполз_предмета, id_обращения, id_детали, место_хранения, дата_поставки) VALUES (27, 14, 49, 6415, N'6')
INSERT dbo.Используются(id_исполз_предмета, id_обращения, id_детали, место_хранения, дата_поставки) VALUES (28, 29, 31, 20, N'4GES31DW745L572OS2M6934SNRL86')
INSERT dbo.Используются(id_исполз_предмета, id_обращения, id_детали, место_хранения, дата_поставки) VALUES (29, 23, 32, -6309, N'H11V3K6FHFV8Y77E4803J725Q8Y4PYPLT20QXSA2N91IZ1WHTQ')
INSERT dbo.Используются(id_исполз_предмета, id_обращения, id_детали, место_хранения, дата_поставки) VALUES (30, 17, 37, -1626863389, N'AT3NU75343E62G12CK285C0SX0ZZBG6DM7A71F211VH57AM33T')
INSERT dbo.Используются(id_исполз_предмета, id_обращения, id_детали, место_хранения, дата_поставки) VALUES (31, 3, 32, 972, N'M8REW135U2UD9W29Q54SKXST')
INSERT dbo.Используются(id_исполз_предмета, id_обращения, id_детали, место_хранения, дата_поставки) VALUES (32, 10, 19, -2062346695, N'N7247Z73GQO66M2T')
INSERT dbo.Используются(id_исполз_предмета, id_обращения, id_детали, место_хранения, дата_поставки) VALUES (33, 5, 38, -1138535064, N'04E19ZV3L4H6Q901')
INSERT dbo.Используются(id_исполз_предмета, id_обращения, id_детали, место_хранения, дата_поставки) VALUES (34, 16, 31, -251910699, N'UC059508K109YHK6RLHZ93HPN6B7QWX5E5FX7X3MCWYK5')
INSERT dbo.Используются(id_исполз_предмета, id_обращения, id_детали, место_хранения, дата_поставки) VALUES (35, 31, 25, -1608832123, N'5F22PI4SE1M15F5S')
INSERT dbo.Используются(id_исполз_предмета, id_обращения, id_детали, место_хранения, дата_поставки) VALUES (36, 10, 42, -1463838595, N'93I667BQ88K5XRY63M7OD64P50M5VPEVJG')
INSERT dbo.Используются(id_исполз_предмета, id_обращения, id_детали, место_хранения, дата_поставки) VALUES (37, 35, 4, -1579804064, N'C')
INSERT dbo.Используются(id_исполз_предмета, id_обращения, id_детали, место_хранения, дата_поставки) VALUES (38, 22, 37, -7023, NULL)
INSERT dbo.Используются(id_исполз_предмета, id_обращения, id_детали, место_хранения, дата_поставки) VALUES (39, 34, 24, -175614216, N'306MA3G0JA6IR674VL51X89G2QMECNSCJ253Y67M8I48336FB8')
INSERT dbo.Используются(id_исполз_предмета, id_обращения, id_детали, место_хранения, дата_поставки) VALUES (40, 3, 43, -220, N'6O7O01C8J33BC7LTE')
INSERT dbo.Используются(id_исполз_предмета, id_обращения, id_детали, место_хранения, дата_поставки) VALUES (41, 33, 44, -858368929, N'P473EVL0MXB')
INSERT dbo.Используются(id_исполз_предмета, id_обращения, id_детали, место_хранения, дата_поставки) VALUES (42, 19, 44, 6, N'J17TA2VY5ZM238TF')
INSERT dbo.Используются(id_исполз_предмета, id_обращения, id_детали, место_хранения, дата_поставки) VALUES (43, 2, 25, -991454491, N'P0Y4L3N1530453420O4GPL80I038ZWHK4B732126X3ENN16H20')
INSERT dbo.Используются(id_исполз_предмета, id_обращения, id_детали, место_хранения, дата_поставки) VALUES (44, 12, 50, -5, N'K2QK7KJ9X3B1X4VYH1FM42B12L1T31')
INSERT dbo.Используются(id_исполз_предмета, id_обращения, id_детали, место_хранения, дата_поставки) VALUES (45, 9, 50, 4, N'007KR60D99G7GB')
INSERT dbo.Используются(id_исполз_предмета, id_обращения, id_детали, место_хранения, дата_поставки) VALUES (46, 34, 30, 4094, N'AGCL6Z')
INSERT dbo.Используются(id_исполз_предмета, id_обращения, id_детали, место_хранения, дата_поставки) VALUES (47, 22, 8, -1232368893, N'ZG8')
INSERT dbo.Используются(id_исполз_предмета, id_обращения, id_детали, место_хранения, дата_поставки) VALUES (48, 16, 37, -1189726740, N'WX56HQOZEN51X')
INSERT dbo.Используются(id_исполз_предмета, id_обращения, id_детали, место_хранения, дата_поставки) VALUES (49, 2, 29, -661861935, N'C1I2NPA5Y23OVG0V48DI41C9')
INSERT dbo.Используются(id_исполз_предмета, id_обращения, id_детали, место_хранения, дата_поставки) VALUES (50, 39, 24, -2020544323, N'ZPY7NZIY3NM09LKH5UIWHXI05K622R5WUNV867UOMS4577W0HB')
GO

--
-- Set NOEXEC to off
--

SET NOEXEC OFF
GO